Workbook

Sheet overview_grade
A1: Competence | B1: Weight | C1: Task1 | D1: Task2 | E1: Task3 | F1: Total Points | G1: Bonus credits
A2: =Table2[[#This Row],[Competence]] -> Data & Domain | B2: 1 | C2: =Table2[[#This Row],[Points Achieved]] -> 0 | D2: =Table22[[#This Row],[Points Achieved]] -> 0 | E2: =Table25[[#This Row],[Points Achieved]] -> 0 | G2: =SUM(Table2[[#This Row],[Bonus Points]],Table22[[#This Row],[Bonus Points]],Table25[[#This Row],[Bonus Points]]) -> 0
A3: =task1!A4 -> Methodological Design | B3: 1 | C3: =task1!G4 -> 0 | D3: =task2!G4 -> 0 | E3: =task2!G4 -> 0 | G3: =SUM(task1!H4,task2!H4,task3!H4,) -> 0
A4: =task1!A6 -> Technical Implementation | B4: 1 | C4: =task1!G6 -> 0 | D4: =task2!G6 -> 0 | E4: =task3!G6 -> 0 | G4: =SUM(task1!H6,task2!H6,task3!H6) -> 0
A5: =task1!A8 -> Evaluation | B5: 1 | C5: =task1!G8 -> 0 | D5: =task2!G8 -> 0 | E5: =task3!G8 -> 0 | G5: =SUM(task1!H8,task2!H8,task3!H8) -> 0
A6: =task1!A10 -> Analytical & Communication | B6: 1 | C6: =task1!G10 -> 0 | D6: =task2!G10 -> 0 | E6: =task3!G10 -> 0 | G6: =SUM(task1!H10,task2!H10,task3!H10) -> 0
A7: Subtotal | C7: =SUM($B2*C2,$B3*C3,$B4*C4,$B5*C5,$B6*C6) -> 0 | D7: =SUM($B2*D2,$B3*D3,$B4*D4,$B5*D5,$B6*D6) -> 0 | E7: =SUM($B2*E2,$B3*E3,$B4*E4,$B5*E5,$B6*E6) -> 0 | F7: =SUM(C7:E7) -> 0 | G7: =SUM(G2:G6) -> 0
A8: Max Points | F8: =SUM(B2*3,B3*3,B4*3,B5*3,B6*3)*3 -> 45 | G8: 15
A9: Grade | F9: =MAX(1,MIN(6, IF(F7<=$F$8/3, 1+9*F7/$F$8, IF(F7<=2*$F$8/3, 3+3*F7/$F$8, 4.5+1.5*F7/$F$8 ) ))) -> 1 | G9: =IF(G7<10,0,MIN(G7,G8)/G8*0.33) -> 0 | H9: =F9+G9 -> 1

Sheet task1
A1: Competence | B1: Fail (0 points) | C1: Pass (1 points) | D1: Good (2 points) | E1: Excellent (3 points) | F1: Weight | G1: Points Achieved | H1: Bonus Points | I1: Notes
A2: Data & Domain | F2: =overview_grade!B2 -> 1 | G2: 0 | H2: 0
A3: Selects, justifies, and appropriately uses data in alignment with the use case, demonstrating domain understanding and proper referencing of sources. | B3: Use case and data are unclear, inappropriate, or fundamentally misaligned. | C3: Use case and data are generally appropriate but weakly justified or loosely aligned. | D3: Use case and data are clearly defined and appropriately aligned with sound justification. | E3: Use case and data are thoughtfully framed and optimally aligned, demonstrating deep understanding of task constraints.
A4: Methodological Design | F4: =overview_grade!B3 -> 1 | G4: 0 | H4: 0
A5: Designs and justifies suitable methodological approaches, including the selection of models, parameters, and metrics, and where appropriate integrates advanced or original methods. | B5: Methods are incorrect, unsuitable, or fundamentally misunderstood. | C5: Standard methods are applied correctly but with limited justification. | D5: Methods are selected and applied appropriately with clear justification. | E5: Methodological choices go beyond standard approaches through justified depth or original contribution.
A6: Technical Implementation | F6: =overview_grade!B4 -> 1 | G6: 0 | H6: 0
A7: Implements algorithms and methods correctly and ensures that relevant computational steps and intermediate results are presented in a technically sound and traceable manner. | B7: Implementation is incorrect, unreliable, fails to learn or detect the intended structure, or lacks transparency of essential processing steps. | C7: Implementation is generally correct but shows weaknesses, minor technical issues, or insufficient transparency of relevant steps. | D7: Implementation is correct, reliable, and well-structured, with relevant intermediate steps presented clearly. | E7: Implementation is robust, very well-structured, and transparently documents relevant intermediate steps, demonstrating high technical maturity.
A8: Evaluation | F8: =overview_grade!B5 -> 1 | G8: 0 | H8: 0
A9: Designs and conducts meaningful evaluations specific to the use case using appropriate metrics and visualizations. | B9: Evaluation is missing, inappropriate, or unrelated to the use case. | C9: Evaluation is present but limited or only loosely connected to the use case. | D9: Evaluation is appropriate and clearly linked to the use case. | E9: Evaluation is rigorous and insightful, employing advanced, well-justified performance metrics that are specifically tailored to the use case.
A10: Analytical & Communication | F10: =overview_grade!B6 -> 1 | G10: 0 | H10: 0
A11: Interprets and contextualizes results in relation to the use case, structures the analysis logically, and communicates findings clearly and convincingly. | B11: Results are not neither described nor interpreted; lack of written communication. | C11: Results are described but interpretation remains limited; little written communication or not to the point. | D11: Results are clearly described, interpreted, contextualized to use case and logically communicated to the point. | E11: Results are deeply contextualized to use case, critically reflected, and communicated with clarity and insight.
A12: Total Points | F12: =SUM(F2,F4,F6,F8,F10) -> 5 | G12: =SUM(F2*G2,F4*G4,F6*G6,F8*G8,F10*G10) -> 0 | H12: =SUM(H2,H4,H6,H8,H10) -> 0
A13: Grade | G13: =IF(G12=0, 1, (6-4)/(3*$F$12-1*$F$12)*(G12-$F$12)+4) -> 1

Sheet task2
A1: Competence | B1: Fail (0 points) | C1: Pass (1 points) | D1: Good (2 points) | E1: Excellent (3 points) | F1: Weight | G1: Points Achieved | H1: Bonus Points | I1: Notes
A2: Data & Domain | F2: =overview_grade!B2 -> 1 | G2: 0 | H2: 0
A3: Selects, justifies, and appropriately uses data in alignment with the use case, demonstrating domain understanding and proper referencing of sources. | B3: Use case and data are unclear, inappropriate, or fundamentally misaligned. | C3: Use case and data are generally appropriate but weakly justified or loosely aligned. | D3: Use case and data are clearly defined and appropriately aligned with sound justification. | E3: Use case and data are thoughtfully framed and optimally aligned, demonstrating deep understanding of task constraints.
A4: Methodological Design | F4: =overview_grade!B3 -> 1 | G4: 0 | H4: 0
A5: Designs and justifies suitable methodological approaches, including the selection of models, parameters, and metrics, and where appropriate integrates advanced or original methods. | B5: Methods are incorrect, unsuitable, or fundamentally misunderstood. | C5: Standard methods are applied correctly but with limited justification. | D5: Methods are selected and applied appropriately with clear justification. | E5: Methodological choices go beyond standard approaches through justified depth or original contribution.
A6: Technical Implementation | F6: =overview_grade!B4 -> 1 | G6: 0 | H6: 0
A7: Implements algorithms and methods correctly and ensures that relevant computational steps and intermediate results are presented in a technically sound and traceable manner. | B7: Implementation is incorrect, unreliable, fails to learn or detect the intended structure, or lacks transparency of essential processing steps. | C7: Implementation is generally correct but shows weaknesses, minor technical issues, or insufficient transparency of relevant steps. | D7: Implementation is correct, reliable, and well-structured, with relevant intermediate steps presented clearly. | E7: Implementation is robust, very well-structured, and transparently documents relevant intermediate steps, demonstrating high technical maturity.
A8: Evaluation | F8: =overview_grade!B5 -> 1 | G8: 0 | H8: 0
A9: Designs and conducts meaningful evaluations specific to the use case using appropriate metrics and visualizations. | B9: Evaluation is missing, inappropriate, or unrelated to the use case. | C9: Evaluation is present but limited or only loosely connected to the use case. | D9: Evaluation is appropriate and clearly linked to the use case. | E9: Evaluation is rigorous and insightful, employing advanced, well-justified performance metrics that are specifically tailored to the use case.
A10: Analytical & Communication | F10: =overview_grade!B6 -> 1 | G10: 0 | H10: 0
A11: Interprets and contextualizes results in relation to the use case, structures the analysis logically, and communicates findings clearly and convincingly. | B11: Results are not neither described nor interpreted; lack of written communication. | C11: Results are described but interpretation remains limited; little written communication or not to the point. | D11: Results are clearly described, interpreted, contextualized to use case and logically communicated to the point. | E11: Results are deeply contextualized to use case, critically reflected, and communicated with clarity and insight.
A12: Total Points | F12: =SUM(F2,F4,F6,F8,F10) -> 5 | G12: =SUM(F2*G2,F4*G4,F6*G6,F8*G8,F10*G10) -> 0 | H12: =SUM(H2,H4,H6,H8,H10) -> 0

Sheet task3
A1: Competence | B1: Fail (0 points) | C1: Pass (1 points) | D1: Good (2 points) | E1: Excellent (3 points) | F1: Weight | G1: Points Achieved | H1: Bonus Points | I1: Notes
A2: Data & Domain | F2: =overview_grade!B2 -> 1 | G2: 0 | H2: 0
A3: Selects, justifies, and appropriately uses data in alignment with the use case, demonstrating domain understanding and proper referencing of sources. | B3: Use case and data are unclear, inappropriate, or fundamentally misaligned. | C3: Use case and data are generally appropriate but weakly justified or loosely aligned. | D3: Use case and data are clearly defined and appropriately aligned with sound justification. | E3: Use case and data are thoughtfully framed and optimally aligned, demonstrating deep understanding of task constraints.
A4: Methodological Design | F4: =overview_grade!B3 -> 1 | G4: 0 | H4: 0
A5: Designs and justifies suitable methodological approaches, including the selection of models, parameters, and metrics, and where appropriate integrates advanced or original methods. | B5: Methods are incorrect, unsuitable, or fundamentally misunderstood. | C5: Standard methods are applied correctly but with limited justification. | D5: Methods are selected and applied appropriately with clear justification. | E5: Methodological choices go beyond standard approaches through justified depth or original contribution.
A6: Technical Implementation | F6: =overview_grade!B4 -> 1 | G6: 0 | H6: 0
A7: Implements algorithms and methods correctly and ensures that relevant computational steps and intermediate results are presented in a technically sound and traceable manner. | B7: Implementation is incorrect, unreliable, fails to learn or detect the intended structure, or lacks transparency of essential processing steps. | C7: Implementation is generally correct but shows weaknesses, minor technical issues, or insufficient transparency of relevant steps. | D7: Implementation is correct, reliable, and well-structured, with relevant intermediate steps presented clearly. | E7: Implementation is robust, very well-structured, and transparently documents relevant intermediate steps, demonstrating high technical maturity.
A8: Evaluation | F8: =overview_grade!B5 -> 1 | G8: 0 | H8: 0
A9: Designs and conducts meaningful evaluations specific to the use case using appropriate metrics and visualizations. | B9: Evaluation is missing, inappropriate, or unrelated to the use case. | C9: Evaluation is present but limited or only loosely connected to the use case. | D9: Evaluation is appropriate and clearly linked to the use case. | E9: Evaluation is rigorous and insightful, employing advanced, well-justified performance metrics that are specifically tailored to the use case.
A10: Analytical & Communication | F10: =overview_grade!B6 -> 1 | G10: 0 | H10: 0
A11: Interprets and contextualizes results in relation to the use case, structures the analysis logically, and communicates findings clearly and convincingly. | B11: Results are not neither described nor interpreted; lack of written communication. | C11: Results are described but interpretation remains limited; little written communication or not to the point. | D11: Results are clearly described, interpreted, contextualized to use case and logically communicated to the point. | E11: Results are deeply contextualized to use case, critically reflected, and communicated with clarity and insight.
A12: Total Points | F12: =SUM(F2,F4,F6,F8,F10) -> 5 | G12: =SUM(F2*G2,F4*G4,F6*G6,F8*G8,F10*G10) -> 0 | H12: =SUM(H2,H4,H6,H8,H10) -> 0

Sheet competence_dimensions
A1: Data & Domain Competence | B1: Selects, justifies, and appropriately uses data in alignment with the use case, demonstrating domain understanding and proper referencing of sources.
A2: Methodological Competence | B2: Designs and justifies suitable methodological approaches, including the selection of models, parameters, and metrics, and where appropriate integrates advanced or original methods.
A3: Technical Implementation Competence | B3: Implements algorithms and methods correctly and reliably in a technically sound and reproducible manner.
A4: Evaluation Competence | B4: Designs and conducts meaningful evaluations using appropriate metrics and visualizations specific to the use case.
A5: Analytical & Communication Competence | B5: Interprets and contextualizes results in relation to the use case, structures the analysis logically, and communicates findings clearly and convincingly.

Sheet performance_levels
A1: Fail (0 points)
A2: Does not demonstrate sufficient methodological competence.
A3: Applies approaches incorrectly or incompletely.
A4: In short: incorrect or fundamentally flawed
A6: Pass (1 points)
A7: Demonstrates basic methodological competence.
A8: Applies standard approaches correctly but with limited justification or reflection.
A9: Meets basic requirements but shows noticeable deficiencies or omissions.
A10: In short: correct but limited justification
A12: Good (2 points)
A13: Demonstrates solid methodological competence.
A14: Selects and applies standard approaches thoughtfully and with clear justification.
... A22: In short: goes beyond standard approaches

Sheet gbsv_interpretations-indicators
A1: Competence | B1: Interpretation | C1: Illustrative Indicators Strong Performance (Non-Exhaustive) | D1: Illustrative Indicators Weak Performance (Non-Exhaustive)
A2: Data & Domain | B2: In gbsv, this includes clearly defining a signal- or image-based problem (e.g., aliasing, periodicity detection, filtering, segmentation), selecting appropriate 1D signals or 2D images related to the chosen country, and justifying why the signal characteristics (sampling rate, frequency content, noise, object separability, contrast) are suitable for the defined use case. Focus: framing and data properties | C2: - Clear and precise problem formulation (WHAT and WHY). - Explicit explanation of why the chosen signal or image is appropriate for the task. - Discussion of relevant signal/image characteristics (e.g., periodicity, bandwidth, resolution, noise, contrast). - Coherent link between use case and selected data. - Data sources referenced | D2: - Use case or problem statement is missing, vague or disconnected from the data. - Signal/image chosen without justification. - No or weak link between data properties and task. - No data sources added.
A3: Methodological | B3: In gbsv, this includes selecting and justifying appropriate classical signal and image processing methods (e.g., sampling analysis, convolution, correlation, thresholding, morphology), choosing suitable parameters (kernel size, thresholds, structuring elements), and explaining why these methods are appropriate for the defined use case. Focus: WHAT method and WHY - conceptual reasoning | C3: - Clear reasoning of why a specific method (e.g., convolution, correlation, thresholding, Hough transform) is appropriate for the defined use case. - Reasoned choice of parameters (e.g., kernel size, threshold value, sampling rate). - Comparison of alternative approaches and explanation of trade-offs. - Explicit link between signal/image properties and chosen method. | D3: - Method chosen without explanation. - Parameters selected arbitrarily without reasoning. - Using a method because it was shown in class, without justification. - No consideration of suitability to the use case.
A4: Technical Implementation | B4: In gbsv, this includes correctly implementing core algorithms (e.g., Nyquist rate calculation, convolution, deconvolution, correlation, segmentation steps), clearly demonstrating intermediate steps, and ensuring that results are reproducible and technically sound in a traceable manner. Focus: HOW it is implemented | C4: - Correct implementation of algorithms (e.g., convolution, correlation, segmentation pipeline) including relevant steps/parameters. - Clear presentation of intermediate results. - Transparent computational steps allowing the process to be followed without re-running code. - Consistent and technically sound execution. | D4: - Incorrect implementation of core operations. - Missing intermediate steps. - Black-box use of functions without explanation. - Technical errors affecting results.
A5: Evaluation | B5: In gbsv, this includes quantitatively and visually assessing results (e.g., aliasing effects, segmentation accuracy, object counts, statistical summaries), systematically exploring parameter effects where relevant, and linking evaluation results back to the use case. Focus: Does it work? How well? Under what conditions? | C5: - Use of appropriate quantitative measures (e.g., SNR, PSNR, SSIM, object counts). -Visual inspection combined with quantitative assessment. - Systematic parameter variation where relevant. - Explicit connection between evaluation results and the defined use case. | D5: - Only qualitative visual inspection without metrics. - Metrics unrelated to the use case. - No validation of results.
A6: Analytical & Communication | B6: In gbsv, this includes interpreting results explicitly in relation to the defined use case, explaining their meaning and applicability to the problem statement, discussing strengths and limitations of the chosen approach, and communicating the analysis in a clear and logically structured manner, structuring the submission with a coherent narrative related to the chosen country. Focus: Meaning relative to the use case, applicability, critical reflection, and coherent structure | C6: - Clear and relevant observations (what is seen in the results). -Explicit interpretation (what these observations mean for the defined use case). - Critical discussion (strengths, limitations, and boundary conditions of the chosen approach). - Reflection on the applicability of the results to the problem statement. - Coherent narrative connecting country → use case → method → results → meaning. | D6: - Observations (what is seen) reported without interpretation. - Interpretation without linking back to the use case. - No discussion of limitations or applicability. - Descriptive reporting instead of analytical reasoning. - Weak or unclear argumentative structure.
